model,split,n_train,n_test,MAE,RMSE,R2,target
hgb,random,2400,600,0.023430748331440394,0.030976150607869672,0.8114184092198998,yield
