model,split,n_train,n_test,MAE,RMSE,R2,target
hgb,random,2400,600,0.022599239790783248,0.028636465991125463,0.44258907448312157,yield
